{
  "version": 6,
  "configurePresets": [
    {
      "name": "win-local-qt",
      "inherits": "win-gui-release",
      "cacheVariables": {
        "CMAKE_PREFIX_PATH": "C:/Qt/6.10.1/msvc2022_64",
        "Qt6_DIR": "C:/Qt/6.10.1/msvc2022_64/lib/cmake/Qt6"
      }
    },
    {
      "name": "win-local-qt-debug",
      "inherits": "win-gui-debug",
      "cacheVariables": {
        "CMAKE_PREFIX_PATH": "C:/Qt/6.10.1/msvc2022_64",
        "Qt6_DIR": "C:/Qt/6.10.1/msvc2022_64/lib/cmake/Qt6"
      }
    }
  ],
  "buildPresets": [
    {
      "name": "win-local-qt",
      "configurePreset": "win-local-qt",
      "configuration": "Release",
      "targets": [ "softionics_hub_gui" ]
    },
    {
      "name": "win-local-qt-debug",
      "configurePreset": "win-local-qt-debug",
      "configuration": "Debug",
      "targets": [ "softionics_hub_gui" ]
    }
  ]
}
